<?xml version="1.0" encoding="UTF-8"?>
<deploy xmlns="http://www.apache.org/ode/schemas/dd/2007/03" xmlns:sample="http://wso2.org/bps/sample" xmlns:service="http://service">
  <process name="sample:CreditAccountProcess">
    <active>true</active>
    <retired>false</retired>
    <process-events generate="all"/>
    <provide partnerLink="client">
      <service name="sample:CreditAccountProcess" port="CreditAccountProcessPort"/>
    </provide>
    <invoke partnerLink="creditCreatePL">
      <service name="service:AccountService" port="AccountServiceHttpSoap11Endpoint"/>
    </invoke>
  </process>
</deploy>